City_ID,City,Country,Date,Lat,Lng,Max Temp,Humidity,Cloudiness,Wind Speed
0,Kodiak,US,2021-04-21 03:44:22,57.79,-152.4072,42.8,87,75,9.22
1,Yellowknife,CA,2021-04-21 03:48:51,62.456,-114.3525,44.6,53,20,5.75
2,Moose Factory,CA,2021-04-21 03:48:52,51.2585,-80.6094,17.6,67,90,13.8
3,Honningsvag,NO,2021-04-21 03:48:53,70.9821,25.9704,39.2,70,0,26.46
4,Punta Arenas,CL,2021-04-21 03:46:07,-53.15,-70.9167,33.8,86,0,8.05
5,San Quintin,MX,2021-04-21 03:48:54,30.4833,-115.95,57.63,83,80,8.63
6,Busselton,AU,2021-04-21 03:48:55,-33.65,115.3333,70.0,61,0,3.0
7,Qaanaaq,GL,2021-04-21 03:48:56,77.484,-69.3632,0.64,71,100,8.63
8,Pangnirtung,CA,2021-04-21 03:48:58,66.1451,-65.7125,18.91,78,100,7.96
9,Albany,US,2021-04-21 03:48:59,42.6001,-73.9662,46.0,65,94,1.99
10,Kulhudhuffushi,MV,2021-04-21 03:48:59,6.6221,73.07,83.84,72,84,7.72
11,Saldanha,ZA,2021-04-21 03:49:00,-33.0117,17.9442,53.6,82,100,4.61
12,Jamestown,US,2021-04-21 03:44:23,42.097,-79.2353,34.0,93,90,6.91
13,Ushuaia,AR,2021-04-21 03:49:01,-54.8,-68.3,44.6,57,20,4.61
14,Butaritari,KI,2021-04-21 03:49:02,3.0707,172.7902,81.41,79,44,19.93
15,Flinders,AU,2021-04-21 03:49:03,-34.5833,150.8552,68.0,37,0,12.66
16,Vanimo,PG,2021-04-21 03:49:04,-2.6741,141.3028,86.29,62,100,5.53
17,New Norfolk,AU,2021-04-21 03:49:05,-42.7826,147.0587,55.99,59,40,3.0
18,Boke,GN,2021-04-21 03:49:06,10.9409,-14.2967,73.74,82,10,3.38
19,Los Llanos De Aridane,ES,2021-04-21 03:49:07,28.6585,-17.9182,66.2,72,90,6.91
20,Lufilufi,WS,2021-04-21 03:49:08,-13.8745,-171.5986,77.0,94,90,16.11
21,Hobart,AU,2021-04-21 03:48:50,-42.8794,147.3294,55.99,40,40,11.5
22,Tiksi,RU,2021-04-21 03:49:09,71.6872,128.8694,15.6,92,100,10.09
23,Saint-Philippe,RE,2021-04-21 03:49:10,-21.3585,55.7679,77.0,83,90,10.36
24,Rikitea,PF,2021-04-21 03:49:11,-23.1203,-134.9692,76.86,74,35,2.15
25,Mataura,NZ,2021-04-21 03:49:11,-46.1927,168.8643,48.99,94,91,11.99
26,Kapaa,US,2021-04-21 03:49:12,22.0752,-159.319,75.2,78,75,6.91
27,Tanabe,JP,2021-04-21 03:49:13,33.7333,135.3667,71.6,43,0,16.11
28,Chokurdakh,RU,2021-04-21 03:49:13,70.6333,147.9167,27.73,87,100,3.47
29,Verkhoyansk,RU,2021-04-21 03:49:14,67.5447,133.385,21.81,71,100,4.47
30,Egvekinot,RU,2021-04-21 03:49:15,66.3167,-179.1667,23.95,80,76,2.21
31,Honiara,SB,2021-04-21 03:49:16,-9.4333,159.95,84.83,77,54,3.36
32,Bethel,US,2021-04-21 03:49:17,41.3712,-73.414,57.2,58,1,5.75
33,Banda Aceh,ID,2021-04-21 03:49:17,5.5577,95.3222,86.49,65,69,10.4
34,Henties Bay,NA,2021-04-21 03:49:18,-22.116,14.2845,71.65,61,10,0.94
35,Kamloops,CA,2021-04-21 03:48:55,50.6665,-120.3192,62.6,23,20,2.3
36,Mar Del Plata,AR,2021-04-21 03:47:43,-38.0023,-57.5575,68.0,82,40,13.8
37,Cape Town,ZA,2021-04-21 03:49:10,-33.9258,18.4232,61.0,94,100,2.3
38,Esperance,AU,2021-04-21 03:49:21,-33.8667,121.9,62.6,72,75,9.22
39,Vaini,TO,2021-04-21 03:49:22,-21.2,-175.2,82.4,78,40,9.22
40,Rudsar,IR,2021-04-21 03:49:22,37.1376,50.288,68.0,94,20,2.3
41,Haines Junction,CA,2021-04-21 03:49:23,60.7522,-137.5108,42.8,56,63,10.36
42,Hamilton,US,2021-04-21 03:48:25,39.1834,-84.5333,35.01,93,90,11.5
43,Bairnsdale,AU,2021-04-21 03:49:24,-37.8333,147.6167,60.01,50,71,1.01
44,Ulladulla,AU,2021-04-21 03:49:25,-35.35,150.4667,66.2,37,0,12.66
45,Kruisfontein,ZA,2021-04-21 03:47:19,-34.0033,24.7314,59.52,80,100,3.11
46,Port Elizabeth,ZA,2021-04-21 03:49:27,-33.918,25.5701,60.8,94,0,6.91
47,Santa Cruz,BO,2021-04-21 03:49:29,-17.8,-63.1667,75.2,94,75,2.3
48,Zahir Pir,PK,2021-04-21 03:49:29,28.8124,70.524,76.77,46,72,12.46
49,Kahului,US,2021-04-21 03:45:29,20.8947,-156.47,80.6,61,40,8.05
50,Bredasdorp,ZA,2021-04-21 03:49:30,-34.5322,20.0403,57.2,94,100,5.75
51,Port Alfred,ZA,2021-04-21 03:49:31,-33.5906,26.891,65.8,81,52,12.73
52,Cayenne,GF,2021-04-21 03:44:35,4.9333,-52.3333,77.0,100,75,2.3
53,Aklavik,CA,2021-04-21 03:49:33,68.2191,-135.0107,17.6,67,70,11.5
54,Vaitape,PF,2021-04-21 03:44:56,-16.5167,-151.75,82.17,72,97,13.65
55,Natal,BR,2021-04-21 03:49:34,-5.795,-35.2094,78.8,83,20,2.3
56,Igarka,RU,2021-04-21 03:49:35,67.4667,86.5833,12.25,78,53,7.54
57,Petrozavodsk,RU,2021-04-21 03:49:35,61.7849,34.3469,32.0,69,100,2.24
58,Sovetskoye,RU,2021-04-21 03:49:35,52.2861,85.4131,22.6,74,67,2.66
59,Brae,GB,2021-04-21 03:49:36,60.3964,-1.353,39.2,65,20,14.97
60,West Bay,KY,2021-04-21 03:49:36,19.3667,-81.4167,81.0,78,20,6.91
61,Chuy,UY,2021-04-21 03:49:37,-33.6971,-53.4616,68.02,70,49,14.38
62,San Ramon De La Nueva Oran,AR,2021-04-21 03:48:27,-23.1322,-64.326,75.99,93,94,1.68
63,Vilyuysk,RU,2021-04-21 03:49:37,63.7553,121.6247,21.51,71,100,4.83
64,Marzuq,YE,2021-04-21 03:49:38,14.4,46.4667,75.42,30,8,3.0
65,Hasaki,JP,2021-04-21 03:49:38,35.7333,140.8333,75.0,35,0,4.61
66,Humaita,BR,2021-04-21 03:49:38,-7.5061,-63.0208,73.78,94,73,2.3
67,Brigantine,US,2021-04-21 03:49:39,39.4101,-74.3646,57.2,62,1,13.8
68,Pasighat,IN,2021-04-21 03:49:39,28.0667,95.3333,86.85,32,2,3.33
69,Baykit,RU,2021-04-21 03:49:40,61.67,96.37,29.77,76,99,6.82
70,Luganville,VU,2021-04-21 03:49:40,-15.5333,167.1667,84.4,76,48,8.3
71,Seybaplaya,MX,2021-04-21 03:49:41,19.65,-90.6667,82.4,78,20,11.5
72,Bridgetown,BB,2021-04-21 03:49:41,13.1,-59.6167,78.8,61,40,19.57
73,Bang Saphan,TH,2021-04-21 03:49:41,11.2126,99.5117,91.4,70,20,4.61
74,Taksimo,RU,2021-04-21 03:46:05,56.3444,114.8794,32.0,68,100,4.72
75,Faanui,PF,2021-04-21 03:49:42,-16.4833,-151.75,82.11,72,97,13.76
76,Kirakira,SB,2021-04-21 03:49:42,-10.4544,161.9205,84.81,74,47,7.81
77,Dikson,RU,2021-04-21 03:49:43,73.5069,80.5464,15.69,93,100,21.72
78,Puerto Ayora,EC,2021-04-21 03:49:43,-0.7393,-90.3518,75.99,96,94,1.99
79,Abalak,RU,2021-04-21 03:49:44,58.1286,68.5944,37.11,57,23,8.34
80,Vao,NC,2021-04-21 03:49:44,-22.6667,167.4833,73.67,65,4,6.8
81,Caravelas,BR,2021-04-21 03:49:44,-17.7125,-39.2481,72.32,91,98,0.83
82,Mahebourg,MU,2021-04-21 03:46:17,-20.4081,57.7,78.8,83,75,5.75
83,Gleisdorf,AT,2021-04-21 03:49:45,47.1061,15.7127,41.0,100,20,1.14
84,Wloszczowa,PL,2021-04-21 03:49:45,50.8526,19.9659,44.01,1,95,6.33
85,Hilo,US,2021-04-21 03:49:46,19.7297,-155.09,80.6,57,1,10.36
86,Kapit,MY,2021-04-21 03:49:46,2.0167,112.9333,92.5,49,71,0.92
87,Stykkisholmur,IS,2021-04-21 03:49:47,65.0757,-22.7297,37.51,92,100,11.3
88,Malard,IR,2021-04-21 03:49:47,35.6659,50.9767,75.2,44,40,4.61
89,Borogontsy,RU,2021-04-21 03:49:48,62.6683,131.1683,25.2,71,99,6.55
90,Adrar,MR,2021-04-21 03:49:48,20.5022,-10.0711,76.95,10,20,10.33
91,Pueblo Nuevo,MX,2021-04-21 03:49:48,23.3833,-105.3833,49.1,60,0,4.72
92,Nanortalik,GL,2021-04-21 03:49:49,60.1432,-45.2371,35.91,75,100,3.47
93,Iqaluit,CA,2021-04-21 03:49:49,63.7506,-68.5145,23.0,86,90,21.85
94,Luderitz,NA,2021-04-21 03:49:50,-26.6481,15.1594,68.0,61,56,8.28
95,Bertoua,CM,2021-04-21 03:49:50,4.5833,13.6833,68.27,93,100,2.3
96,Manicore,BR,2021-04-21 03:49:51,-5.8092,-61.3003,75.2,100,90,4.61
97,Pisco,PE,2021-04-21 03:49:51,-13.7,-76.2167,66.99,88,0,9.22
98,Bambous Virieux,MU,2021-04-21 03:49:52,-20.3428,57.7575,79.0,83,75,5.75
99,Nikolskoye,RU,2021-04-21 03:49:52,59.7035,30.7861,41.0,65,0,4.47
100,Kankon,IN,2021-04-21 03:49:52,15.0167,74.0167,86.0,59,59,6.42
101,Saint-Joseph,RE,2021-04-21 03:49:53,-21.3667,55.6167,77.0,83,90,10.36
102,Tiznit,MA,2021-04-21 03:49:53,29.5833,-9.5,57.15,82,3,3.53
103,Pevek,RU,2021-04-21 03:49:54,69.7008,170.3133,33.17,68,5,20.18
104,Geraldton,AU,2021-04-21 03:49:54,-28.7667,114.6,84.2,26,7,17.27
105,Hermanus,ZA,2021-04-21 03:49:55,-34.4187,19.2345,61.0,88,100,4.0
106,Chalus,IR,2021-04-21 03:49:55,36.655,51.4204,60.8,94,39,3.69
107,Gazanjyk,TM,2021-04-21 03:49:56,39.2446,55.5154,70.66,36,93,24.14
108,Amapa,BR,2021-04-21 03:49:56,1.0,-52.0,70.47,99,99,1.88
109,Bandipur,NP,2021-04-21 03:49:57,27.9333,84.4167,71.85,30,100,7.14
110,Jutai,BR,2021-04-21 03:49:57,-5.1833,-68.9,71.02,99,96,1.68
111,South River,US,2021-04-21 03:49:57,40.4465,-74.386,60.01,54,30,1.99
112,Fort Nelson,CA,2021-04-21 03:45:04,58.8053,-122.7002,62.6,17,20,2.3
113,Waingapu,ID,2021-04-21 03:49:58,-9.6567,120.2641,82.78,55,3,3.85
114,Huarmey,PE,2021-04-21 03:49:58,-10.0681,-78.1522,68.36,85,75,8.03
115,Mount Gambier,AU,2021-04-21 03:49:59,-37.8333,140.7667,55.4,62,75,17.27
116,Arraial Do Cabo,BR,2021-04-21 03:49:20,-22.9661,-42.0278,73.51,80,35,29.77
117,Road Town,VG,2021-04-21 03:50:00,18.4167,-64.6167,79.0,87,4,4.0
118,Carnarvon,AU,2021-04-21 03:50:00,-24.8667,113.6333,87.8,35,16,8.05
119,Poum,NC,2021-04-21 03:50:01,-20.2333,164.0167,78.91,78,41,8.9
120,Porto Belo,BR,2021-04-21 03:50:01,-27.1578,-48.5531,73.0,78,40,4.61
121,Xai-Xai,MZ,2021-04-21 03:50:01,-25.0519,33.6442,68.0,80,10,3.13
122,Alta Floresta,BR,2021-04-21 03:50:02,-9.8756,-56.0861,70.12,97,94,0.47
123,Escarcega,MX,2021-04-21 03:50:02,18.6089,-90.7454,73.71,97,67,4.0
124,Bluff,NZ,2021-04-21 03:50:03,-46.6,168.3333,48.99,94,100,11.99
125,Scarborough,GB,2021-04-21 03:50:03,54.2797,-0.4044,45.0,84,99,1.99
126,Oktyabrskoye,RU,2021-04-21 03:50:04,43.0645,44.7417,57.2,94,90,2.24
127,Boddam,GB,2021-04-21 03:50:04,57.4667,-1.7833,37.4,75,4,13.8
128,Muros,ES,2021-04-21 03:50:04,42.7762,-9.0603,48.99,96,99,3.31
129,Ixtapa,MX,2021-04-21 03:50:05,20.7,-105.2,77.0,73,1,2.93
130,Paita,PE,2021-04-21 03:50:05,-5.0892,-81.1144,70.34,77,33,12.01
131,Jerantut,MY,2021-04-21 03:50:06,3.936,102.3626,85.57,73,100,1.92
132,Iquique,CL,2021-04-21 03:50:06,-20.2208,-70.1431,66.2,72,0,8.05
133,Toba Tek Singh,PK,2021-04-21 03:50:07,30.9743,72.4827,73.27,50,84,9.98
134,Valdemarpils,LV,2021-04-21 03:50:07,57.3707,22.5919,32.0,100,100,1.14
135,Ribeira Grande,PT,2021-04-21 03:50:07,38.5167,-28.7,62.28,91,100,15.37
136,Nambucca Heads,AU,2021-04-21 03:50:08,-30.65,153.0,77.0,33,0,8.05
137,Ayodhya,IN,2021-04-21 03:50:08,26.8,82.2,90.79,20,100,17.27
138,Ambilobe,MG,2021-04-21 03:50:09,-13.2,49.05,73.38,92,100,4.29
139,Canon City,US,2021-04-21 03:48:29,38.441,-105.2424,35.6,69,90,5.75
140,Thompson,CA,2021-04-21 03:50:09,55.7435,-97.8558,26.6,86,40,3.44
141,Yanam,IN,2021-04-21 03:50:10,16.7333,82.2167,89.6,66,40,6.91
142,Teguise,ES,2021-04-21 03:48:06,29.0605,-13.564,64.4,77,0,8.05
143,Narsaq,GL,2021-04-21 03:50:10,60.9167,-46.05,35.6,64,90,1.14
144,Archidona,ES,2021-04-21 03:50:11,37.0965,-4.3887,62.01,72,67,5.01
145,Lusambo,CD,2021-04-21 03:50:11,-4.9667,23.45,68.11,98,100,1.81
146,Ketchikan,US,2021-04-21 03:50:12,55.3422,-131.6461,57.2,51,1,5.75
147,Fortuna,US,2021-04-21 03:50:12,40.5982,-124.1573,50.0,93,90,9.22
148,Shakawe,BW,2021-04-21 03:50:12,-18.3667,21.85,54.7,44,0,5.68
149,Buriti Alegre,BR,2021-04-21 03:50:13,-18.14,-49.0403,60.96,65,0,2.37
150,Castro,BR,2021-04-21 03:50:13,-24.7911,-50.0119,52.52,99,25,4.45
151,Avarua,CK,2021-04-21 03:48:08,-21.2078,-159.775,75.2,88,75,14.97
152,Ilulissat,GL,2021-04-21 03:50:14,69.2167,-51.1,15.8,48,9,2.3
153,Nome,US,2021-04-21 03:50:15,64.5011,-165.4064,37.4,60,1,3.44
154,Saint-Augustin,CA,2021-04-21 03:50:15,51.226,-58.6502,36.43,80,99,6.64
155,Leningradskiy,RU,2021-04-21 03:50:15,69.3833,178.4167,36.34,74,53,6.58
156,Emirdag,TR,2021-04-21 03:50:16,39.0197,31.15,43.9,75,58,1.19
157,Severo-Yeniseyskiy,RU,2021-04-21 03:50:16,60.3725,93.0408,23.47,87,100,4.97
158,Takoradi,GH,2021-04-21 03:50:17,4.8845,-1.7554,79.81,82,99,5.93
159,Port Lincoln,AU,2021-04-21 03:50:17,-34.7333,135.8667,61.05,49,74,12.28
160,Longyearbyen,SJ,2021-04-21 03:50:17,78.2186,15.6401,23.0,68,20,11.5
161,El Porvenir,HN,2021-04-21 03:50:18,13.7617,-87.3458,68.0,100,90,1.61
162,Rio Grande,BR,2021-04-21 03:50:18,-32.035,-52.0986,68.0,80,0,3.0
163,Koutsouras,GR,2021-04-21 03:50:19,35.0339,25.9469,56.91,72,2,4.76
164,Barrow,US,2021-04-21 03:48:15,71.2906,-156.7887,19.4,79,20,10.36
165,Tazovskiy,RU,2021-04-21 03:50:19,67.4667,78.7,10.13,91,100,7.83
166,Rathdrum,US,2021-04-21 03:50:20,47.8137,-116.892,43.0,71,3,3.33
167,Araceli,PH,2021-04-21 03:50:20,10.5529,119.9913,85.14,70,100,10.51
168,Klaksvik,FO,2021-04-21 03:50:21,62.2266,-6.589,33.8,80,40,13.89
169,Taywarah,AF,2021-04-21 03:50:21,33.35,64.4167,45.0,42,79,4.65
170,Sao Domingos,BR,2021-04-21 03:50:21,-13.3983,-46.3183,68.14,90,87,0.92
171,Namatanai,PG,2021-04-21 03:50:22,-3.6667,152.4333,83.7,75,87,11.03
172,Laguna,US,2021-04-21 03:50:22,38.421,-121.4238,62.6,55,75,5.75
173,Lermontovka,RU,2021-04-21 03:50:23,47.1453,134.3383,63.77,17,0,9.86
174,Cody,US,2021-04-21 03:48:22,44.5263,-109.0565,30.2,55,90,5.75
175,Macomer,IT,2021-04-21 03:50:24,40.262,8.7699,50.0,93,0,3.44
176,Emerald,AU,2021-04-21 03:50:24,-23.5333,148.1667,88.0,45,90,5.75
177,Saint George,US,2021-04-21 03:50:24,37.1041,-113.5841,73.0,13,1,3.44
178,Ancud,CL,2021-04-21 03:50:25,-41.8697,-73.8203,48.0,100,20,3.42
179,Huangchuan,CN,2021-04-21 03:50:25,32.1272,115.0394,57.83,92,100,5.91
180,Kavieng,PG,2021-04-21 03:50:26,-2.5744,150.7967,84.15,71,92,10.6
181,Anadyr,RU,2021-04-21 03:50:26,64.75,177.4833,21.2,93,20,1.5
182,Giaveno,IT,2021-04-21 03:50:26,45.047,7.3492,48.99,90,100,1.19
183,San Luis,AR,2021-04-21 03:50:27,-33.295,-66.3356,67.96,63,21,18.28
184,Padang,ID,2021-04-21 03:50:27,-0.9492,100.3543,87.8,66,20,5.75
185,Lompoc,US,2021-04-21 03:45:36,34.6391,-120.4579,53.6,76,89,11.5
186,Poso,ID,2021-04-21 03:49:02,-1.3959,120.7524,87.78,58,31,6.55
187,East London,ZA,2021-04-21 03:45:38,-33.0153,27.9116,59.0,94,20,3.44
188,Codrington,AU,2021-04-21 03:50:28,-38.2667,141.9667,55.22,49,100,13.53
189,Pahrump,US,2021-04-21 03:46:33,36.2083,-115.9839,75.2,8,1,17.27
190,Byron Bay,AU,2021-04-21 03:48:57,-28.65,153.6167,80.6,29,0,13.8
191,Khatanga,RU,2021-04-21 03:50:29,71.9667,102.5,6.66,90,100,6.24
192,Samana,DO,2021-04-21 03:50:29,19.2056,-69.3369,74.73,84,5,6.96
193,Bomet,KE,2021-04-21 03:50:30,-0.7813,35.3416,54.12,98,89,2.19
194,Lorengau,PG,2021-04-21 03:50:30,-2.0226,147.2712,85.64,69,100,12.77
195,Manchester,GB,2021-04-21 03:50:31,53.4809,-2.2374,48.0,81,99,12.66
196,Saskylakh,RU,2021-04-21 03:50:31,71.9167,114.0833,6.26,81,56,3.06
197,Wake Forest,US,2021-04-21 03:49:26,35.9799,-78.5097,60.01,59,4,8.14
198,Ponta Do Sol,PT,2021-04-21 03:50:32,32.6667,-17.1,57.0,68,72,1.01
199,Volokolamsk,RU,2021-04-21 03:49:04,56.0336,35.9694,35.22,99,100,5.48
200,Tamazunchale,MX,2021-04-21 03:50:32,21.2667,-98.7833,69.3,87,80,2.35
201,San Patricio,US,2021-04-21 03:50:33,28.017,-97.5169,68.0,83,1,3.44
202,Petropavlovsk-Kamchatskiy,RU,2021-04-21 03:50:33,53.0452,158.6483,42.8,75,90,2.24
203,Ginda,IN,2021-04-21 03:50:33,30.6945,78.4932,65.7,44,65,5.88
204,Port Hardy,CA,2021-04-21 03:50:34,50.6996,-127.4199,50.0,76,20,2.3
205,Hithadhoo,MV,2021-04-21 03:50:34,-0.6,73.0833,82.58,65,4,4.56
206,Kavaratti,IN,2021-04-21 03:50:35,10.5669,72.642,84.04,72,98,8.72
207,Langxiang,CN,2021-04-21 03:50:35,46.95,128.8833,69.91,15,1,4.81
208,Roma,US,2021-04-21 03:50:18,43.2128,-75.4557,35.6,69,1,5.75
209,Seoul,KR,2021-04-21 03:45:48,37.5683,126.9778,77.0,27,78,4.61
210,Tuktoyaktuk,CA,2021-04-21 03:50:37,69.4541,-133.0374,14.0,79,90,14.97
211,Khasan,RU,2021-04-21 03:50:38,42.4308,130.6434,54.45,42,1,8.37
212,La Paz,BO,2021-04-21 03:50:39,-16.5,-68.15,37.4,75,20,2.3
213,Aubenas,FR,2021-04-21 03:50:40,44.6201,4.3899,48.0,72,100,1.01
214,Wanaka,NZ,2021-04-21 03:50:41,-44.7,169.15,60.01,61,25,1.01
215,Itarema,BR,2021-04-21 03:50:42,-2.9248,-39.9167,75.65,88,77,4.18
216,Labuhan,ID,2021-04-21 03:50:43,-6.8844,112.2051,85.69,58,29,3.04
217,Salalah,OM,2021-04-21 03:50:44,17.0151,54.0924,80.6,74,0,1.14
218,Richards Bay,ZA,2021-04-21 03:47:40,-28.783,32.0377,63.59,89,8,4.7
219,Namibe,AO,2021-04-21 03:50:44,-15.1961,12.1522,79.72,79,5,2.59
220,Pale,BA,2021-04-21 03:50:45,43.8161,18.5694,39.2,93,75,2.3
221,Yulara,AU,2021-04-21 03:50:45,-25.2406,130.9889,77.0,18,0,9.22
222,Veinticinco De Mayo,AR,2021-04-21 03:50:46,-35.4323,-60.1727,63.0,92,20,3.0
223,Tuatapere,NZ,2021-04-21 03:50:46,-46.1333,167.6833,48.99,94,100,11.01
224,Kieta,PG,2021-04-21 03:50:46,-6.2167,155.6333,84.96,70,33,3.98
225,Cabo San Lucas,MX,2021-04-21 03:50:47,22.8909,-109.9124,72.0,64,1,6.91
226,Severnyy,RU,2021-04-21 03:50:47,50.677,36.5532,39.2,100,90,8.95
227,Kulunda,RU,2021-04-21 03:50:48,52.566,78.9385,35.26,32,95,16.26
228,Kristiansund,NO,2021-04-21 03:50:48,63.1115,7.732,37.4,87,90,8.05
229,Quatre Cocos,MU,2021-04-21 03:50:50,-20.2078,57.7625,79.0,83,75,5.75
230,Gizo,SB,2021-04-21 03:50:50,-8.103,156.8419,84.88,69,88,1.59
231,Manokwari,ID,2021-04-21 03:50:50,-0.8667,134.0833,82.63,71,93,5.03
232,Akdepe,TM,2021-04-21 03:50:51,42.0551,59.3788,46.4,46,0,11.5
233,Sao Miguel Do Araguaia,BR,2021-04-21 03:50:53,-13.275,-50.1628,69.98,88,8,1.32
234,Deputatskiy,RU,2021-04-21 03:50:53,69.3,139.9,20.5,92,100,3.56
235,Marawi,PH,2021-04-21 03:50:54,7.9986,124.2928,84.0,76,100,4.0
236,Batemans Bay,AU,2021-04-21 03:50:55,-35.7167,150.1833,62.01,61,99,4.0
237,Ust-Kuyga,RU,2021-04-21 03:50:56,70.0167,135.6,20.34,77,100,10.42
238,Tual,ID,2021-04-21 03:50:56,-5.6667,132.75,83.1,72,93,6.91
239,Belmonte,BR,2021-04-21 03:50:57,-15.8631,-38.8828,73.4,94,0,3.44
240,Beloha,MG,2021-04-21 03:50:58,-25.1667,45.05,69.39,79,40,11.32
241,Port Blair,IN,2021-04-21 03:51:00,11.6667,92.75,86.0,79,20,1.14
242,Sydney,AU,2021-04-21 03:46:20,-33.8679,151.2073,69.01,48,0,17.27
243,Svetlogorsk,BY,2021-04-21 03:51:01,52.6333,29.7333,40.93,88,99,5.19
244,Borodino,RU,2021-04-21 03:51:02,55.9106,94.8983,26.53,55,65,9.22
245,Atuona,PF,2021-04-21 03:51:03,-9.8,-139.0333,80.38,76,21,19.15
246,Shizuishan,CN,2021-04-21 03:51:04,39.2333,106.7694,67.91,37,100,11.43
247,Porbandar,IN,2021-04-21 03:51:05,21.6422,69.6093,82.4,78,40,11.5
248,Barguzin,RU,2021-04-21 03:51:05,53.6167,109.6167,32.63,70,100,9.69
249,Pangody,RU,2021-04-21 03:51:06,65.85,74.4859,17.71,89,73,8.63
250,Kousseri,CM,2021-04-21 03:51:07,12.0769,15.0306,83.25,10,31,9.19
251,Teguldet,RU,2021-04-21 03:51:08,57.3064,88.1667,26.89,80,100,5.21
252,Moron,AR,2021-04-21 03:50:16,-34.6534,-58.6198,68.0,85,0,8.01
253,Troitskoye,RU,2021-04-21 03:51:09,52.9821,84.6757,26.1,65,100,5.39
254,Chililabombwe,ZM,2021-04-21 03:51:10,-12.3648,27.8229,56.14,95,63,4.9
255,Tuy Hoa,VN,2021-04-21 03:51:11,13.0833,109.3,86.34,67,76,6.67
256,Remanso,BR,2021-04-21 03:51:12,-9.6179,-42.0831,76.06,72,94,3.78
257,Gravdal,NO,2021-04-21 03:51:13,68.1214,13.5031,36.19,91,100,37.65
258,Nouadhibou,MR,2021-04-21 03:51:14,20.931,-17.0347,64.4,82,0,17.27
259,Xichang,CN,2021-04-21 03:51:15,27.8964,102.2634,76.87,31,0,2.77
260,Merauke,ID,2021-04-21 03:51:16,-8.4667,140.3333,85.21,66,100,5.95
261,San Lorenzo,PY,2021-04-21 03:51:16,-25.3333,-57.5333,73.4,78,0,4.61
262,Souillac,MU,2021-04-21 03:51:17,-20.5167,57.5167,78.8,83,75,5.75
263,Kandrian,PG,2021-04-21 03:51:18,-6.2167,149.55,85.19,71,87,5.46
264,Lebu,CL,2021-04-21 03:51:19,-37.6167,-73.65,54.43,95,96,8.14
265,Ostrovnoy,RU,2021-04-21 03:51:20,68.0531,39.5131,36.21,73,3,18.1
266,Provideniya,RU,2021-04-21 03:51:21,64.3833,-173.3,32.0,59,0,2.24
267,Saint Simons,US,2021-04-21 03:51:22,31.1352,-81.3901,69.8,83,1,3.44
268,Margate,GB,2021-04-21 03:51:23,51.3813,1.3862,44.01,91,87,4.0
269,Markova,UA,2021-04-21 03:51:24,48.6758,24.4138,37.6,85,48,4.74
270,Ishigaki,JP,2021-04-21 03:51:25,24.3448,124.1572,73.4,94,75,17.27
271,Cherskiy,RU,2021-04-21 03:51:26,68.75,161.3,35.85,80,25,23.71
272,Magadan,RU,2021-04-21 03:51:27,59.5667,150.8,33.87,89,100,18.43
273,Yazoo City,US,2021-04-21 03:47:07,32.8551,-90.4056,60.8,100,1,16.35
274,Constitucion,CL,2021-04-21 03:51:29,-35.3333,-72.4167,57.52,87,74,15.14
275,Northam,GB,2021-04-21 03:51:29,51.0333,-4.2167,46.99,85,100,1.01
276,Kortkeros,RU,2021-04-21 03:51:30,61.8106,51.5806,35.6,60,0,2.24
277,Plougastel-Daoulas,FR,2021-04-21 03:51:31,48.3667,-4.3667,50.0,71,0,3.44
278,Ongandjera,NA,2021-04-21 03:51:31,-17.8833,15.0667,64.94,42,4,9.57
279,Penzance,GB,2021-04-21 03:51:32,50.1186,-5.5371,46.0,81,90,9.22
280,Tilichiki,RU,2021-04-21 03:51:33,60.4667,166.1,31.15,93,72,2.19
281,Santo Amaro,BR,2021-04-21 03:51:34,-12.5467,-38.7119,75.2,88,75,4.61
282,Grand Gaube,MU,2021-04-21 03:51:34,-20.0064,57.6608,79.0,83,100,3.0
283,Awbari,LY,2021-04-21 03:51:35,26.5921,12.7805,69.84,24,83,21.99
284,Husavik,IS,2021-04-21 03:51:36,66.0449,-17.3389,39.2,60,90,6.91
285,Vila Velha,BR,2021-04-21 03:47:14,-20.3297,-40.2925,77.0,94,20,2.3
286,Yuyao,CN,2021-04-21 03:51:38,30.05,121.1494,77.0,53,75,13.42
287,Esmeraldas,BR,2021-04-21 03:48:32,-19.7625,-44.3139,66.2,72,0,8.05
288,Talnakh,RU,2021-04-21 03:51:40,69.4865,88.3972,4.89,85,100,2.39
289,Pampa,US,2021-04-21 03:51:41,35.5362,-100.9599,37.4,38,1,4.61
290,Visnes,NO,2021-04-21 03:51:42,59.3556,5.2242,41.0,87,40,23.02
291,Katsuura,JP,2021-04-21 03:51:43,35.1333,140.3,75.0,56,20,11.5
292,Caucaia,BR,2021-04-21 03:51:44,-3.7361,-38.6531,80.6,83,75,4.61
293,Tambun,ID,2021-04-21 03:51:45,-6.2641,107.0712,89.6,48,20,6.91
294,Cave Spring,US,2021-04-21 03:51:45,37.2276,-80.0128,62.6,51,90,4.61
295,Port-Cartier,CA,2021-04-21 03:51:46,50.0334,-66.8654,37.99,100,90,11.5
296,Waipawa,NZ,2021-04-21 03:51:48,-41.4122,175.5153,62.6,67,90,14.97
297,Kawalu,ID,2021-04-21 03:51:49,-7.3817,108.2082,84.9,49,6,5.46
298,Clyde River,CA,2021-04-21 03:49:03,70.4692,-68.5914,-5.8,92,1,6.11
299,Kamenka,RU,2021-04-21 03:51:50,51.3223,42.7678,50.0,88,51,17.76
300,Claremore,US,2021-04-21 03:49:17,36.3126,-95.6161,37.0,93,1,2.19
301,Fort Saint James,CA,2021-04-21 03:51:52,54.4333,-124.25,48.38,60,29,2.13
302,Kaitangata,NZ,2021-04-21 03:51:52,-46.2817,169.8464,57.99,79,55,5.99
303,Severo-Kurilsk,RU,2021-04-21 03:51:53,50.6789,156.125,35.15,94,100,22.06
304,Glenwood Springs,US,2021-04-21 03:51:31,39.5505,-107.3248,36.0,53,100,11.5
305,Niteroi,BR,2021-04-21 03:51:56,-22.8833,-43.1036,73.4,78,75,13.8
306,Gayny,RU,2021-04-21 03:51:57,60.3071,54.3241,41.59,59,5,3.71
307,Mobaye,CF,2021-04-21 03:51:58,4.319,21.1786,70.5,94,100,6.2
308,Cockburn Town,TC,2021-04-21 03:51:59,21.4612,-71.1419,78.04,80,32,21.47
309,Sao Joao Da Barra,BR,2021-04-21 03:52:00,-21.6403,-41.0511,68.86,82,10,7.4
310,Gulmarg,IN,2021-04-21 03:52:01,34.049,74.3921,38.5,86,100,4.03
311,Moerai,PF,2021-04-21 03:52:02,-22.4333,-151.3333,76.35,75,46,22.73
312,Tinskoy,RU,2021-04-21 03:52:03,56.1525,96.9161,26.13,61,97,10.65
313,Zemio,CF,2021-04-21 03:52:04,5.0314,25.1361,67.55,96,100,9.64
314,Mayo,US,2021-04-21 03:52:05,38.8876,-76.5119,61.0,82,1,13.8
315,Khorixas,NA,2021-04-21 03:52:06,-20.3667,14.9667,67.89,36,3,8.21
316,Aykhal,RU,2021-04-21 03:52:07,66.0,111.5,16.3,76,93,7.2
317,Ibra,OM,2021-04-21 03:52:08,22.6906,58.5334,84.9,14,0,2.66
318,Necochea,AR,2021-04-21 03:52:09,-38.5473,-58.7368,62.01,92,5,5.99
319,Preston,GB,2021-04-21 03:52:10,53.7667,-2.7167,48.0,84,75,8.99
320,Acapulco,MX,2021-04-21 03:48:49,16.8634,-99.8901,77.54,61,62,5.12
321,Ponta Delgada,PT,2021-04-21 03:52:11,37.7333,-25.6667,60.8,94,75,12.66
322,Robertsport,LR,2021-04-21 03:52:12,6.7533,-11.3686,81.86,80,100,8.1
323,Flin Flon,CA,2021-04-21 03:52:13,54.7682,-101.865,26.53,89,97,3.4
324,Lanigan,CA,2021-04-21 03:52:14,51.8501,-105.0344,30.2,43,36,5.75
325,Alofi,NU,2021-04-21 03:52:15,-19.0595,-169.9187,86.0,74,75,12.66
326,Tarakan,ID,2021-04-21 03:52:16,3.3,117.6333,87.8,79,40,4.61
327,Nador,MA,2021-04-21 03:52:16,35.174,-2.9287,60.8,72,0,8.05
328,Rantepao,ID,2021-04-21 03:52:17,-2.9701,119.8978,83.73,51,99,2.75
329,El Sauce,NI,2021-04-21 03:52:18,12.8869,-86.539,81.77,73,98,2.62
330,Baswa,IN,2021-04-21 03:52:19,27.15,76.5833,86.29,25,0,11.74
331,Ballina,AU,2021-04-21 03:52:19,-28.8667,153.5667,80.6,29,0,13.8
332,Maldonado,UY,2021-04-21 03:50:26,-34.6667,-54.9167,63.0,94,40,5.75
333,Chase,CA,2021-04-21 03:52:21,50.8165,-119.6857,57.2,33,50,2.3
334,North Bend,US,2021-04-21 03:52:23,43.4065,-124.2243,50.0,87,90,17.27
335,Loandjili,CG,2021-04-21 03:52:24,-4.7561,11.8578,78.3,86,100,1.54
336,Morondava,MG,2021-04-21 03:52:25,-20.2833,44.2833,75.22,68,81,8.46
337,Bridlington,GB,2021-04-21 03:52:26,54.0831,-0.1919,46.0,81,99,5.99
338,Puerto Escondido,MX,2021-04-21 03:52:26,15.85,-97.0667,80.6,78,40,4.14
339,Biak,ID,2021-04-21 03:52:27,-0.9131,122.8766,83.28,69,47,3.04
340,Georgetown,MY,2021-04-21 03:52:28,5.4112,100.3354,87.8,70,40,4.61
341,Norman Wells,CA,2021-04-21 03:52:29,65.282,-126.8329,28.4,86,90,19.57
342,Eureka,US,2021-04-21 03:52:29,40.8021,-124.1637,51.01,86,52,5.99
343,Tadine,NC,2021-04-21 03:52:30,-21.55,167.8833,76.42,70,72,6.76
344,Saint-Andre-Avellin,CA,2021-04-21 03:52:31,45.7168,-75.066,37.4,69,100,5.44
345,Gladstone,AU,2021-04-21 03:52:31,-23.85,151.25,82.4,47,90,6.91
346,Bathsheba,BB,2021-04-21 03:52:32,13.2167,-59.5167,78.8,61,40,19.57
347,Chilliwack,CA,2021-04-21 03:52:34,49.1747,-121.9443,64.4,36,13,1.14
348,Bow Island,CA,2021-04-21 03:52:34,49.8668,-111.3684,39.2,48,57,3.44
349,Bilibino,RU,2021-04-21 03:52:35,68.0546,166.4372,33.13,85,2,4.21
350,Normandin,CA,2021-04-21 03:52:36,48.8333,-72.5321,32.0,74,90,10.36
351,Rosario,AR,2021-04-21 03:49:17,-32.9468,-60.6393,66.99,77,0,11.5
352,Hovd,MN,2021-04-21 03:52:38,48.0056,91.6419,35.28,60,79,11.36
353,Tautira,PF,2021-04-21 03:52:38,-17.7333,-149.15,80.01,78,75,5.75
354,Porto Torres,IT,2021-04-21 03:52:39,40.835,8.3972,50.0,93,0,3.44
355,Kaeo,NZ,2021-04-21 03:52:40,-35.1,173.7833,71.01,70,8,5.99
356,Longonjo,AO,2021-04-21 03:52:40,-12.9067,15.2533,59.34,72,50,3.44
357,Komsomolskiy,UZ,2021-04-21 03:52:41,40.4272,71.7189,55.4,82,75,4.61
358,Treinta Y Tres,UY,2021-04-21 03:52:42,-33.2333,-54.3833,60.94,94,6,9.17
359,Chegdomyn,RU,2021-04-21 03:52:43,51.1167,133.0167,54.75,25,8,1.74
360,Mayor Pablo Lagerenza,PY,2021-04-21 03:52:44,-19.9309,-60.7718,77.59,63,81,5.23
361,Vytegra,RU,2021-04-21 03:52:44,61.0064,36.4481,36.79,76,100,6.2
362,Gornopravdinsk,RU,2021-04-21 03:52:45,60.05,69.9,32.74,61,47,7.0
363,Batticaloa,LK,2021-04-21 03:52:46,7.7102,81.6924,83.77,70,100,3.74
364,Christchurch,NZ,2021-04-21 03:49:59,-43.5333,172.6333,64.0,55,51,11.5
365,Odweyne,SO,2021-04-21 03:52:48,9.4092,45.064,73.49,63,48,11.68
366,Krasnoselkup,RU,2021-04-21 03:52:48,65.7,82.4667,12.11,77,25,6.78
367,Buraydah,SA,2021-04-21 03:52:49,26.326,43.975,68.0,45,0,5.75
368,Half Moon Bay,US,2021-04-21 03:52:50,37.4636,-122.4286,53.01,87,90,12.66
369,Gavrilov-Yam,RU,2021-04-21 03:52:50,57.3018,39.8533,33.8,93,90,13.42
370,Woodstock,CA,2021-04-21 03:52:51,43.1334,-80.7497,30.99,93,100,6.91
371,Matay,EG,2021-04-21 03:52:52,28.419,30.7792,62.15,57,7,22.62
372,Kamina,CD,2021-04-21 03:52:53,-8.7386,24.9906,61.77,94,100,3.47
373,Berlevag,NO,2021-04-21 03:52:53,70.8578,29.0864,39.2,70,0,26.46
374,Dolores,AR,2021-04-21 03:52:54,-36.3132,-57.6792,65.21,80,2,15.01
375,Bengkulu,ID,2021-04-21 03:52:55,-3.8004,102.2655,84.61,67,21,6.26
376,Rock Sound,BS,2021-04-21 03:52:56,24.9,-76.2,77.83,85,87,11.1
377,Changli,CN,2021-04-21 03:52:57,39.7042,119.1506,70.56,26,100,11.39
378,Coquimbo,CL,2021-04-21 03:52:58,-29.9533,-71.3436,60.8,67,90,5.75
379,Samarai,PG,2021-04-21 03:53:00,-10.6167,150.6667,84.78,70,59,10.98
380,Grindavik,IS,2021-04-21 03:53:00,63.8424,-22.4338,39.2,81,75,6.91
381,Kuruman,ZA,2021-04-21 03:53:01,-27.4524,23.4325,54.55,46,0,5.41
382,Iskateley,RU,2021-04-21 03:53:02,67.6803,53.1512,33.4,84,8,9.19
383,Tasiilaq,GL,2021-04-21 03:53:03,65.6145,-37.6368,19.4,79,40,3.44
384,Airai,TL,2021-04-21 03:53:04,-8.9266,125.4092,73.51,56,95,1.92
385,Hervey Bay,AU,2021-04-21 03:53:04,-25.2986,152.8535,82.0,64,0,5.01
386,Aksu,CN,2021-04-21 03:53:05,41.1231,80.2644,67.14,23,95,3.33
387,Qaqortoq,GL,2021-04-21 03:53:05,60.7167,-46.0333,35.6,64,90,1.14
388,Tignere,CM,2021-04-21 03:53:06,7.3667,12.65,68.0,76,100,2.89
389,Nyagan,RU,2021-04-21 03:53:07,62.1406,65.3936,38.46,82,94,1.5
390,Polonnaruwa,LK,2021-04-21 03:53:08,7.9333,81.0,86.88,61,100,1.99
391,Bobcaygeon,CA,2021-04-21 03:53:08,44.5462,-78.542,33.8,69,90,6.91
392,Lavrentiya,RU,2021-04-21 03:53:09,65.5833,-171.0,31.59,73,51,6.71
393,Camacha,PT,2021-04-21 03:53:10,33.0833,-16.3333,60.8,88,40,6.91
394,Kudahuvadhoo,MV,2021-04-21 03:53:11,2.6708,72.8944,81.95,65,51,3.71
395,Rovaniemi,FI,2021-04-21 03:53:11,66.5,25.7167,33.8,55,0,6.91
396,Caborca,MX,2021-04-21 03:53:12,30.5838,-111.101,71.01,15,42,6.38
397,Olafsvik,IS,2021-04-21 03:53:13,64.8945,-23.7142,40.17,86,100,12.19
398,Guilin,CN,2021-04-21 03:53:14,25.2819,110.2864,69.8,94,90,2.24
399,Vila Franca Do Campo,PT,2021-04-21 03:53:14,37.7167,-25.4333,60.8,94,75,12.66
400,Imbituba,BR,2021-04-21 03:53:15,-28.24,-48.6703,68.0,83,75,3.44
401,Sinnamary,GF,2021-04-21 03:53:16,5.3833,-52.95,76.3,87,100,6.44
402,Santos Reyes Nopala,MX,2021-04-21 03:50:37,16.1092,-97.1561,80.6,78,40,2.66
403,Neiafu,TO,2021-04-21 03:53:17,-18.65,-173.9833,84.2,74,40,5.75
404,Novaya Lyalya,RU,2021-04-21 03:53:18,59.055,60.599,44.35,58,3,1.43
405,Dudinka,RU,2021-04-21 03:53:19,69.4058,86.1778,2.64,88,100,3.06
406,Umm Lajj,SA,2021-04-21 03:53:19,25.0213,37.2685,79.99,67,82,8.34
407,Kimbe,PG,2021-04-21 03:53:20,-5.5502,150.1429,87.01,66,62,4.9
408,Constantine,DZ,2021-04-21 03:53:21,36.365,6.6147,50.0,76,0,3.44
409,Metro,ID,2021-04-21 03:53:21,-5.1131,105.3067,86.74,62,13,4.29
410,Znamenskoye,RU,2021-04-21 03:53:22,57.1281,73.8282,30.0,68,83,10.58
411,Bluffton,US,2021-04-21 03:53:22,32.2371,-80.8604,66.99,94,20,5.19
412,Kiruna,SE,2021-04-21 03:53:23,67.8557,20.2251,35.6,69,75,5.75
413,Nchelenge,ZM,2021-04-21 03:53:24,-9.3451,28.734,67.32,86,100,4.63
414,Hobyo,SO,2021-04-21 03:53:25,5.3505,48.5268,83.5,71,94,8.03
415,Guerrero Negro,MX,2021-04-21 03:50:24,27.9769,-114.0611,59.68,85,27,14.43
416,Meulaboh,ID,2021-04-21 03:53:26,4.1363,96.1285,84.34,69,69,4.83
417,Whitehorse,CA,2021-04-21 03:53:27,60.7161,-135.0538,50.0,40,75,13.8
418,Torbay,CA,2021-04-21 03:53:27,47.6666,-52.7314,36.0,100,90,20.71
419,Price,US,2021-04-21 03:53:28,39.5994,-110.8107,44.6,26,1,9.22
420,Mandera,KE,2021-04-21 03:50:02,3.9366,41.867,80.04,71,82,11.39
421,Sao Filipe,CV,2021-04-21 03:53:30,14.8961,-24.4956,72.18,73,99,10.71
422,Bud,US,2021-04-21 03:53:31,39.447,-86.1758,32.0,97,100,9.95
423,Bongandanga,CD,2021-04-21 03:52:22,1.5,21.05,70.61,92,100,2.73
424,Bulungu,CD,2021-04-21 03:53:16,-4.55,18.6,69.85,95,100,1.5
425,Praya,CV,2021-04-21 03:53:33,14.9215,-23.5087,68.0,83,0,9.22
426,Avera,US,2021-04-21 03:53:34,33.194,-82.5271,57.2,60,1,4.61
427,Surgut,RU,2021-04-21 03:53:35,61.25,73.4167,23.0,68,40,6.71
428,Saint-Pierre,RE,2021-04-21 03:53:35,-21.3393,55.4781,77.0,83,90,10.36
429,Karratha,AU,2021-04-21 03:53:36,-20.7377,116.8463,88.11,31,81,10.45
430,Kaka,TM,2021-04-21 03:53:37,37.3482,59.6143,70.86,34,56,9.13
431,Jingdezhen,CN,2021-04-21 03:53:38,29.2947,117.2079,80.2,49,17,3.87
432,Viedma,AR,2021-04-21 03:53:39,-40.8135,-62.9967,66.54,68,100,18.63
433,Sabang,ID,2021-04-21 03:50:03,5.8933,95.3214,84.02,72,65,13.67
434,Arani,IN,2021-04-21 03:53:40,12.6667,79.2833,90.43,49,87,7.7
435,Mehamn,NO,2021-04-21 03:53:41,71.0357,27.8492,39.2,70,0,26.46
436,Khash,IR,2021-04-21 03:53:41,28.2211,61.2158,70.56,18,0,4.94
437,Sheregesh,RU,2021-04-21 03:53:42,52.9209,87.9869,26.85,57,70,2.24
438,Makaha,US,2021-04-21 03:53:42,21.4694,-158.2175,78.8,78,40,5.75
439,Dourados,BR,2021-04-21 03:53:43,-22.2211,-54.8056,64.99,66,4,6.8
440,Upernavik,GL,2021-04-21 03:53:44,72.7868,-56.1549,5.99,81,100,7.45
441,Shashi,CN,2021-04-21 03:53:45,30.3072,112.2447,68.0,75,100,9.66
442,Winnemucca,US,2021-04-21 03:53:46,40.973,-117.7357,57.2,18,1,20.71
443,Prince Rupert,CA,2021-04-21 03:51:20,54.3161,-130.3201,44.6,93,90,5.75
444,Cedar City,US,2021-04-21 03:53:48,37.6775,-113.0619,57.2,17,1,4.61
445,Poronaysk,RU,2021-04-21 03:53:49,49.2167,143.1167,40.51,78,100,15.59
446,Shimoda,JP,2021-04-21 03:53:50,34.6667,138.95,72.0,56,20,8.05
447,Cairns,AU,2021-04-21 03:50:07,-16.9167,145.7667,77.0,83,40,8.05
448,Puerto Leguizamo,CO,2021-04-21 03:53:51,-0.1934,-74.7819,71.33,97,95,1.34
449,Huangzhou,CN,2021-04-21 03:53:53,30.45,114.8,62.6,100,90,4.47
450,Yairipok,IN,2021-04-21 03:53:53,24.6667,94.0667,78.8,69,20,3.44
451,High Rock,BS,2021-04-21 03:53:53,26.6208,-78.2833,78.39,78,78,15.52
452,Atambua,ID,2021-04-21 03:51:01,-9.1061,124.8925,81.95,62,74,3.83
453,Baculin,PH,2021-04-21 03:53:54,7.4525,126.5842,87.28,60,100,5.55
454,Conil,FR,2021-04-21 03:53:54,44.9673,3.7177,34.92,97,99,3.65
455,Weihe,CN,2021-04-21 03:53:55,32.9952,105.3247,58.68,74,100,4.0
456,Casper,US,2021-04-21 03:53:56,42.8666,-106.3131,27.0,74,90,12.66
457,Jinka,ET,2021-04-21 03:53:57,5.65,36.65,63.52,75,86,3.06
458,Rapid Valley,US,2021-04-21 03:53:57,44.0625,-103.1463,30.2,59,90,11.5
459,Sola,VU,2021-04-21 03:53:58,-13.8833,167.55,87.8,79,75,13.24
460,Hof,DE,2021-04-21 03:53:59,50.3167,11.9167,37.0,96,14,1.99
461,Hofn,IS,2021-04-21 03:53:59,64.2539,-15.2082,38.52,42,33,5.08
462,Islamkot,PK,2021-04-21 03:54:00,24.6997,70.177,87.39,33,0,12.59
463,Mastic Beach,US,2021-04-21 03:54:01,40.7668,-72.8521,55.4,62,1,14.97
464,Raudeberg,NO,2021-04-21 03:54:02,61.9875,5.1352,37.0,95,100,29.64
465,Karavayevo,RU,2021-04-21 03:54:03,55.2961,37.9622,33.8,93,90,6.71
466,Popondetta,PG,2021-04-21 03:54:04,-8.7537,148.2534,86.77,62,88,6.35
467,Vestmannaeyjar,IS,2021-04-21 03:54:04,63.4427,-20.2734,40.84,71,100,2.35
468,Skjervoy,NO,2021-04-21 03:54:05,70.0311,20.9714,46.4,53,0,14.97
469,Bandarbeyla,SO,2021-04-21 03:54:05,9.4942,50.8122,81.86,76,92,3.74
470,Fairbanks,US,2021-04-21 03:51:45,64.8378,-147.7164,44.6,26,1,6.91
471,Tarrafal,CV,2021-04-21 03:54:07,15.2833,-23.7667,68.0,83,0,9.22
472,Salair,RU,2021-04-21 03:54:08,54.2312,85.7972,27.01,48,100,7.09
473,Port Macquarie,AU,2021-04-21 03:54:08,-31.4333,152.9167,72.0,53,1,1.99
474,Vanavara,RU,2021-04-21 03:54:09,60.34,102.2797,22.24,65,100,7.65
475,Vestmanna,FO,2021-04-21 03:54:09,62.1564,-7.1664,33.8,80,75,14.5
476,Sioux Lookout,CA,2021-04-21 03:54:10,50.1001,-91.917,26.6,46,75,8.05
477,Formosa,AR,2021-04-21 03:54:11,-26.1775,-58.1781,71.6,88,0,6.91
478,Bima,ID,2021-04-21 03:54:11,-8.4667,118.7167,85.68,56,60,6.17
479,Beringovskiy,RU,2021-04-21 03:54:11,63.05,179.3167,29.62,81,72,2.91
480,Myaundzha,RU,2021-04-21 03:54:12,63.0494,147.1858,33.58,90,100,7.54
481,Rawson,AR,2021-04-21 03:54:12,-43.3002,-65.1023,61.63,93,100,10.22
482,Nadadores,MX,2021-04-21 03:54:13,27.05,-101.6,73.85,26,0,7.2
483,Aksarka,RU,2021-04-21 03:54:13,66.5606,67.7975,27.88,98,86,6.98
484,Komsomolsk-Na-Amure,RU,2021-04-21 03:54:14,50.552,137.0152,50.9,36,0,4.21
485,Dunavarsany,HU,2021-04-21 03:54:15,47.2786,19.0662,43.0,93,90,2.3
486,Victoria,HK,2021-04-21 03:50:32,22.2855,114.1577,82.4,54,20,12.66
487,Beecher,US,2021-04-21 03:54:16,43.09,-83.6944,37.4,48,90,8.05
488,Baiyin,CN,2021-04-21 03:54:16,36.5583,104.2081,60.8,41,0,6.71
489,Gimli,CA,2021-04-21 03:54:17,50.6336,-96.9907,24.8,74,98,4.27
490,Maceio,BR,2021-04-21 03:49:55,-9.6658,-35.7353,75.2,94,20,5.75
491,Port Victoria,KE,2021-04-21 03:54:19,0.0939,33.9756,67.71,87,98,4.97
492,Areosa,PT,2021-04-21 03:54:19,41.7178,-8.8571,54.0,100,0,4.03
493,Mount Pleasant,US,2021-04-21 03:54:20,32.7941,-79.8626,64.99,100,1,5.73
494,Qui Nhon,VN,2021-04-21 03:54:21,13.7667,109.2333,84.15,73,100,9.1
495,Novoagansk,RU,2021-04-21 03:54:21,61.9449,76.6625,21.81,80,13,6.26
496,Qasigiannguit,GL,2021-04-21 03:54:22,68.8193,-51.1922,15.8,48,8,2.3
497,La Palma,US,2021-04-21 03:49:30,33.8464,-118.0467,59.0,82,75,5.75
498,Praia,CV,2021-04-21 03:53:33,14.9215,-23.5087,68.0,83,0,9.22
499,Oyugis,KE,2021-04-21 03:54:24,-0.509,34.7358,66.2,94,75,4.61
500,Kachug,RU,2021-04-21 03:54:25,53.9606,105.8817,30.76,38,100,6.87
501,Karpushikha,RU,2021-04-21 03:54:26,57.5017,59.8956,42.85,56,4,2.21
502,Te Anau,NZ,2021-04-21 03:54:26,-45.4167,167.7167,59.61,65,83,3.89
503,San Vicente De Canete,PE,2021-04-21 03:54:27,-13.0751,-76.3835,69.03,83,2,1.88
504,Irricana,CA,2021-04-21 03:54:28,51.3237,-113.6048,42.8,36,20,12.66
505,Alice Springs,AU,2021-04-21 03:51:07,-23.7,133.8833,77.0,15,0,12.66
506,Ajdabiya,LY,2021-04-21 03:54:30,30.7554,20.2263,55.78,61,17,8.95
507,Okhotsk,RU,2021-04-21 03:54:30,59.3833,143.3,31.87,99,100,18.68
508,Bograd,RU,2021-04-21 03:54:31,54.2344,90.8328,35.6,35,0,6.71
509,Sorong,ID,2021-04-21 03:54:32,-0.8833,131.25,83.77,74,88,5.39
510,Auki,SB,2021-04-21 03:54:32,-8.7676,160.7034,85.44,69,33,2.21
511,Finschhafen,PG,2021-04-21 03:54:33,-6.6024,147.8681,84.9,68,99,3.85
512,Dillon,US,2021-04-21 03:54:34,34.4166,-79.3712,55.0,87,1,6.46
513,Mahibadhoo,MV,2021-04-21 03:54:35,3.7833,72.9667,82.85,63,84,3.53
514,Tahoua,NE,2021-04-21 03:54:35,14.8888,5.2692,90.14,25,71,5.53
515,Greymouth,NZ,2021-04-21 03:54:36,-42.4667,171.2,59.49,71,11,9.66
516,Harau,RO,2021-04-21 03:54:38,45.9,22.95,42.93,92,95,2.46
517,Suleja,NG,2021-04-21 03:54:38,9.1758,7.1808,76.69,74,71,2.66
518,Chiang Klang,TH,2021-04-21 03:54:40,19.2938,100.8617,86.0,70,0,5.75
519,Kattivakkam,IN,2021-04-21 03:54:40,13.2167,80.3167,87.8,62,20,8.05
520,Tiruchchendur,IN,2021-04-21 03:54:42,8.4833,78.1167,80.6,74,20,3.44
521,Surt,LY,2021-04-21 03:54:42,31.2089,16.5887,58.39,66,2,14.72
522,Biloela,AU,2021-04-21 03:54:43,-24.4167,150.5,85.05,36,23,7.81
523,Yuxia,CN,2021-04-21 03:54:43,34.0615,108.6291,64.0,82,90,8.95
524,Hirara,JP,2021-04-21 03:54:44,24.8,125.2833,71.6,94,75,17.27
525,Xuddur,SO,2021-04-21 03:54:44,4.1213,43.8894,76.37,78,84,12.8
526,Sao Felix Do Xingu,BR,2021-04-21 03:54:45,-6.6447,-51.995,71.13,99,100,1.19
527,Nikolayevsk-Na-Amure,RU,2021-04-21 03:54:47,53.1406,140.73,38.26,85,13,6.87
528,Salto,UY,2021-04-21 03:52:36,-31.3833,-57.9667,61.0,88,0,5.75
529,Bubaque,GW,2021-04-21 03:54:49,11.2833,-15.8333,77.56,69,7,13.51
530,Segezha,RU,2021-04-21 03:54:49,63.7415,34.3222,31.73,84,95,6.33
531,Spring Valley,US,2021-04-21 03:52:12,36.108,-115.245,82.4,9,75,3.44
532,Kenora,CA,2021-04-21 03:53:49,49.8167,-94.4337,28.4,43,75,5.75
533,Ayacucho,PE,2021-04-21 03:54:51,-13.1583,-74.2239,52.27,84,72,0.78
534,Gorom-Gorom,BF,2021-04-21 03:54:52,14.4439,-0.2361,84.67,8,36,9.55
535,Kununurra,AU,2021-04-21 03:54:52,-15.7667,128.7333,93.2,29,40,5.75
536,Touros,BR,2021-04-21 03:54:53,-5.1989,-35.4608,75.2,94,20,2.3
537,Kalevala,RU,2021-04-21 03:54:53,65.2,31.1667,34.21,84,100,4.12
538,Clarence Town,AU,2021-04-21 03:54:53,-32.5833,151.7833,68.0,42,20,10.36
539,Phan Thiet,VN,2021-04-21 03:53:58,10.9333,108.1,89.1,60,50,8.14
540,Cabinda,AO,2021-04-21 03:54:54,-5.55,12.2,78.06,86,100,3.18
541,Aswan,EG,2021-04-21 03:54:05,24.0934,32.907,83.77,27,58,9.46
542,Sorland,NO,2021-04-21 03:54:55,67.667,12.6934,37.06,75,100,29.46
543,Chapais,CA,2021-04-21 03:54:55,49.7834,-74.8492,17.6,86,90,9.22
544,Broken Hill,AU,2021-04-21 03:54:56,-31.95,141.4333,60.8,36,0,5.75
545,Pervomayskoye,RU,2021-04-21 03:54:56,43.919,46.7102,58.19,76,100,12.24
546,Srednekolymsk,RU,2021-04-21 03:54:56,67.45,153.6833,36.79,97,11,11.81
547,Dire,ML,2021-04-21 03:54:57,12.2833,-10.9667,88.65,16,91,2.51
548,Beberibe,BR,2021-04-21 03:54:57,-4.1797,-38.1306,80.6,83,75,3.44
549,Pacifica,US,2021-04-21 03:54:58,37.6138,-122.4869,53.01,87,90,12.66
550,Nyurba,RU,2021-04-21 03:54:58,63.2842,118.3319,23.36,68,100,6.22
551,Alcaniz,ES,2021-04-21 03:54:58,41.05,-0.1333,48.99,94,93,1.01
552,Isangel,VU,2021-04-21 03:54:59,-19.55,169.2667,86.0,74,75,5.75
553,Tessalit,ML,2021-04-21 03:55:00,20.1986,1.0114,76.73,8,69,6.64
554,Lishan,CN,2021-04-21 03:55:01,31.8576,113.2951,62.24,82,98,6.87
555,Parkes,AU,2021-04-21 03:55:02,-33.1333,148.1833,64.0,40,2,1.99
556,Beyneu,KZ,2021-04-21 03:55:03,45.3167,55.2,51.73,36,76,27.27
557,Opuwo,NA,2021-04-21 03:55:03,-18.0607,13.84,63.16,40,0,8.12
558,Tonk,IN,2021-04-21 03:55:04,26.1667,75.7833,85.32,26,1,9.93
559,Andenes,NO,2021-04-21 03:55:05,69.3143,16.1194,43.0,81,75,12.66
560,Casas Grandes,MX,2021-04-21 03:55:05,30.3667,-107.95,64.99,13,64,6.64
561,Yar-Sale,RU,2021-04-21 03:55:06,66.8333,70.8333,22.6,92,97,10.11
562,Yumen,CN,2021-04-21 03:55:07,40.2833,97.2,69.55,11,2,11.23
563,Okha,RU,2021-04-21 03:55:07,53.5739,142.9478,33.96,95,92,8.57
564,Miranda,CO,2021-04-21 03:55:07,3.2499,-76.2281,69.8,88,90,4.61
565,Vendychany,UA,2021-04-21 03:55:08,48.6118,27.7932,37.99,90,91,4.65
566,Zverinogolovskoye,RU,2021-04-21 03:55:08,54.4586,64.8542,43.84,55,0,8.03
567,Miri,MY,2021-04-21 03:55:09,4.4148,114.0089,87.8,55,40,6.91
568,Makakilo City,US,2021-04-21 03:55:09,21.3469,-158.0858,78.8,65,1,4.61
569,Taos,US,2021-04-21 03:55:11,36.4072,-105.5731,44.6,36,1,17.27
570,Port Lavaca,US,2021-04-21 03:55:11,28.615,-96.6261,66.0,77,1,6.91
571,Tecoanapa,MX,2021-04-21 03:55:11,16.5167,-98.75,77.61,71,78,4.14
572,Charcas,MX,2021-04-21 03:55:12,23.1333,-101.1167,57.4,73,1,10.16
573,Frederikshavn,DK,2021-04-21 03:55:12,57.4407,10.5366,43.0,87,0,12.66
574,Enkoping,SE,2021-04-21 03:55:13,59.6361,17.0777,36.0,80,31,2.3
575,Imeni Poliny Osipenko,RU,2021-04-21 03:55:13,52.4201,136.4853,49.98,35,1,1.03
576,Gravelbourg,CA,2021-04-21 03:55:14,49.8834,-106.5512,33.8,44,72,2.3
577,Lagoa,PT,2021-04-21 03:55:15,39.05,-27.9833,61.25,90,100,17.67
578,Kedrovyy,RU,2021-04-21 03:55:16,56.1667,91.8167,30.2,34,0,11.18
579,Vostok,RU,2021-04-21 03:55:17,46.4856,135.8833,53.06,22,0,14.52
580,Ewa Beach,US,2021-04-21 03:54:27,21.3156,-158.0072,78.8,65,1,4.61
581,Santiago Del Estero,AR,2021-04-21 03:55:18,-27.7951,-64.2615,79.79,47,100,19.77
582,San Francisco,US,2021-04-21 03:55:19,37.7749,-122.4194,55.0,76,40,20.71
583,Groa,NO,2021-04-21 03:55:20,62.65,8.7167,37.4,87,90,8.05
584,Nishihara,JP,2021-04-21 03:55:21,26.1842,127.7558,77.0,68,75,20.71
585,Atar,MR,2021-04-21 03:55:09,20.5169,-13.0499,77.38,16,20,9.42
586,Arrifes,PT,2021-04-21 03:55:22,37.7667,-25.7,60.8,94,75,12.66
